Date,TAN,SPY,URTH
2017-01-03,,,
2017-01-04,102.29953607340774,100.59491933280533,100.85411772664324
2017-01-05,102.93353434766952,100.51547369192104,101.19018440502903
2017-01-06,102.58989477671592,100.8732532145447,101.3911510812154
2017-01-09,102.93471930118594,100.54316211915359,100.89642886961931
2017-01-10,103.56473428468837,100.54316211915359,101.04423942196823
2017-01-11,104.30463792938522,100.8257724568178,101.11133059676602
2017-01-12,103.23118863069682,100.5747784854839,101.3124589451116
2017-01-13,104.14495131099764,100.80433054272274,101.5934693492857
2017-01-17,104.88065680168978,100.45198390497552,101.31324640075185
2017-01-18,104.4874000723385,100.67297838011365,101.05899451680808
2017-01-19,103.97978498541482,100.30252795546508,100.96508561693626
2017-01-20,104.26323819482096,100.6699317081099,101.19336299864531
2017-01-23,103.81100573981318,100.40971666780574,101.2201640069847
2017-01-24,103.29993163720931,101.05088944966086,101.8094953630385
2017-01-25,104.84103010016071,101.91644356559841,102.56848298807904
2017-01-26,104.2227017994828,101.81189789956761,102.50241265165367
2017-01-27,103.48740165315205,101.65491860881755,102.42306170506701
2017-01-30,101.37914553936582,101.03475083077898,101.77457324609168
2017-01-31,102.01942847532376,101.02595967622277,101.82785806784464
2017-02-01,102.48212320910028,101.0655132904158,102.00093389311637
2017-02-02,102.1942640151258,101.1314166198646,102.02752117784377
2017-02-03,103.06031263621843,101.82070495282333,102.46599339720781
2017-02-06,102.71686977244843,101.64192948031253,102.24109833545201
2017-02-07,102.02761685494997,101.64630189369008,102.2013227056122
2017-02-08,102.43247336806533,101.77734192538337,102.37375572653065
2017-02-09,102.7780923993608,102.37060687816759,102.7445269409612
2017-02-10,104.90209261527879,102.76522456213758,102.9951797171649
2017-02-13,106.53221624234166,103.30948174131858,103.48208951711693
2017-02-14,107.0853156997073,103.70901461012099,103.83567338420481
2017-02-15,109.28553358648254,104.23105193859101,104.03142117391549
2017-02-16,108.53203848302017,104.14591787175931,104.27888463370584
2017-02-17,109.02010871068455,104.30355041916187,104.1749456577595
2017-02-21,111.34066123034555,104.89907093346788,104.57811585031314
2017-02-22,110.07483959159497,104.81026941586072,104.66878903372161
2017-02-23,111.30347985880312,104.87798723494654,104.57819799209445
2017-02-24,111.35624144788314,105.00487060859743,104.57819799209445
2017-02-27,112.09464494871308,105.16115814285538,104.64296878708727
2017-02-28,110.3145394733344,104.89124148476378,104.42290643246552
2017-03-01,109.72818228245222,106.29099517085795,105.4867357985072
2017-03-02,108.65580233777862,105.66125352663273,104.84488728733112
2017-03-03,107.57178740732294,105.72420475582436,105.1808073533579
2017-03-06,107.35260430854296,105.42641452827179,104.85889132424242
2017-03-07,106.41906132396224,105.12772844278366,104.53593564904156
2017-03-08,106.08645949333055,104.94207340421562,104.22488655394939
2017-03-09,105.80837696644785,105.06889241624384,104.34189639459899
2017-03-10,105.4737452602506,105.41931115681462,104.91324401154019
2017-03-13,106.31313872127915,105.46979502906628,105.3264134207502
2017-03-14,105.14776143777962,105.08713506041414,104.52919708546729
2017-03-15,106.7199158175759,105.95248039792968,105.63094492384676
2017-03-16,108.10189479983829,105.75578601554601,106.01556422097215
2017-03-17,106.02991516541273,105.14776984051271,105.78567878270877
2017-03-20,105.47313075996394,105.03808140100087,105.67046633503756
2017-03-21,103.51344224087804,103.75413136929683,104.5939619764171
2017-03-22,102.94233784246245,103.9894469307616,105.15102933174225
2017-03-23,102.4253926765998,103.88273701045148,104.85470963476348
2017-03-24,102.25218955982469,103.81009753267851,104.9968476515862
2017-03-27,102.25218955982469,103.70746968159767,104.9194314469491
2017-03-28,102.65704607294006,104.43515234685006,105.72004495113462
2017-03-29,102.54183606683127,104.52863609454133,105.63037073000532
2017-03-30,102.31115028150633,104.84705335758716,105.83552993822698
2017-03-31,102.195551719096,104.61429369420911,105.4772461585342
2017-04-03,102.07980833385916,104.44037172400652,105.43871218186405
2017-04-04,102.65918481209577,104.50410940951937,105.2845560631168
2017-04-05,101.79512075331077,104.206845539576,105.11728267046294
2017-04-06,101.96944200979807,104.48796133544487,105.16883688803647
2017-04-07,101.73742919825663,104.38602220416927,105.2074899986291
2017-04-10,103.53975159472033,104.44554575496218,105.23323895835541
2017-04-11,103.48264006558772,104.32656947228438,105.41346474246768
2017-04-12,103.42549590054865,103.88838399198373,105.11790658539294
2017-04-13,102.39633462249638,103.23889278128881,104.3317318080407
2017-04-17,103.08958039335559,104.12488171339997,105.07218344478757
2017-04-18,102.86008575866263,103.826458136142,104.6982299900936
2017-04-19,101.76751167368548,103.64259843427395,104.60762722942994
2017-04-20,101.30239585881627,104.4565094506437,105.2165159531476
2017-04-21,100.83510660773914,104.1378215898165,105.11350046604724
2017-04-24,102.12618232096884,105.23761351246037,106.78918413668477
2017-04-25,103.16905777165731,105.81947668801661,107.41038787682922
2017-04-26,103.74245443683768,105.75659295154442,107.25919379540127
2017-04-27,103.74245443683768,105.84049069154106,107.18348709686025
2017-04-28,103.51439905804958,105.62255093497821,107.17085654259569
2017-05-01,103.2858223978933,105.8745632166113,107.47396068864839
2017-05-02,104.48857728238836,105.9122754670897,107.52432698989438
2017-05-03,104.88472722309001,105.79081609625895,107.43623273412955
2017-05-04,103.70096686693404,105.90822585150602,107.76373259334275
2017-05-05,105.64049989186373,106.30192767050121,108.30359486194054
2017-05-08,105.47261693027123,106.28524294516038,108.12877045329006
2017-05-09,106.48158724213343,106.19344572520653,108.07873178140402
2017-05-10,107.48047903238438,106.3730283644468,108.1287955045122
2017-05-11,107.37058641191592,106.16875511462428,107.91612876302136
2017-05-12,107.15055937750518,106.00165295608382,107.99135151657968
2017-05-15,108.25309945285701,106.55400350751812,108.6427314879429
2017-05-16,107.4897440085623,106.46245077430581,108.89164820410333
2017-05-17,105.40182613941018,104.6880445454048,107.3025651995143
2017-05-18,105.06512879390009,105.09089286986273,107.47918564226948
2017-05-19,106.92323644847883,105.74131026156944,108.33549170501016
2017-05-22,107.42074972558633,106.24905510075506,109.02222297846087
2017-05-23,107.53076324279169,106.470330472266,108.8362091800801
2017-05-24,109.01427169936736,106.70361418460696,109.28347047950375
2017-05-25,109.50154920848354,107.18156351903497,109.3205747217586
2017-05-26,108.63948104029362,107.16088690003076,109.3205747217586
2017-05-30,109.56339451756752,107.0740031517233,109.46894607519229
2017-05-31,109.24029561111408,107.04915944216069,109.25907179254375
2017-06-01,109.45638965586886,107.84438730396096,110.03848196097941
2017-06-02,109.45638965586886,108.17722653660489,110.5295223861875
2017-06-05,108.70167593400122,108.10351040557688,110.2119043379443
2017-06-06,109.84236574150717,107.78382568008156,110.00357324465485
2017-06-07,109.14418603014371,107.96884970698008,110.05269631401188
2017-06-08,110.92893415232335,108.01809665575462,110.10179526445742
2017-06-09,109.75996860013477,107.86632246630504,109.93003795126972
2017-06-12,109.16856748134151,107.84577973962759,109.74569295825545
2017-06-13,110.25023738623713,108.33476824982718,110.29973991895345
2017-06-14,109.18014237701013,108.2080058066764,110.04260867225224
2017-06-15,107.55764783523543,108.0155716394096,109.50246326794162
2017-06-16,108.382274630872,107.55201793591557,110.0702326248002
2017-06-19,109.85446904481573,108.38452876576319,110.69614632856116
2017-06-20,110.01566613408498,107.71011973667144,108.81786732422927
2017-06-21,111.46416649140589,107.6854303988047,108.64384694516262
2017-06-22,114.00250359404747,107.64015334108363,108.64384694516262
2017-06-23,116.11699487985427,107.75957705599686,108.96759510122598
2017-06-26,116.57154112256035,107.82538070018197,109.06688991487583
2017-06-27,115.91795055063574,107.01976127103718,108.64531029819592
2017-06-28,116.72766636824107,107.91480276845593,109.3799684792707
2017-06-29,116.17545447100083,107.03591684239335,108.6383140135051
2017-06-30,116.57929054299868,107.22236678515789,108.6756723922807
2017-07-03,116.93122466553389,107.39192991871234,108.72546812813972
2017-07-05,114.92721846875284,107.62313323115656,108.80011980979134
2017-07-06,114.36485289612357,106.70868697270872,108.15359905746836
2017-07-07,115.9586804219973,107.3571997720447,108.59158986973387
2017-07-10,116.16110455011169,107.4645867061575,108.76602219707272
2017-07-11,116.81767562649792,107.39032310942218,108.8157745786252
2017-07-12,118.77452150545737,108.14179593946602,109.4622149407388
2017-07-13,118.08554812085592,108.3098233446295,109.82041765665626
2017-07-14,120.36502818783428,108.77623337580071,110.33733847997358
2017-07-17,120.31657746507483,108.76401689934075,110.12918594812993
2017-07-18,121.9646635844116,108.81696557504587,110.33777265849227
2017-07-19,124.396710535205,109.35836499344045,110.81530345118517
2017-07-20,124.25705141073489,109.40290145560698,111.07121265264806
2017-07-21,123.65098584667278,109.31386818354345,110.65794371893736
2017-07-24,124.21384157346029,109.28956586767859,110.60912043640552
2017-07-25,123.65413618053003,109.53265428309156,110.98767405822043
2017-07-26,123.56032540168407,109.53669377339543,111.23098863858796
2017-07-27,123.13778945890668,109.44373991398177,110.90331355671779
2017-07-28,124.97655095740473,109.32642871264164,111.02507918055807
2017-07-31,125.16173154755428,109.26972813851663,111.08587867018748
2017-08-01,125.62384053225952,109.49260897582884,111.66925660413851
2017-08-02,124.05990237141565,109.54112713595899,111.42758844020169
2017-08-03,124.99448539246521,109.34714244358787,111.3791377174422
2017-08-04,126.05929806919846,109.52935694634482,111.50032786235727
2017-08-07,128.12068498863124,109.71527968522743,111.62136208021832
2017-08-08,126.77418079130864,109.46918268987986,111.24660681665557
2017-08-09,126.13724087973395,109.46514058559369,111.18593086769815
2017-08-10,123.38998640501899,108.05361156914715,109.76534058081772
2017-08-11,124.47284678503216,108.20129807163492,109.6175357489745
2017-08-14,125.63726228570941,109.19261308775381,110.61666928991795
2017-08-15,126.60411771140075,109.1804451717508,110.45790370884983
2017-08-16,125.73772221931871,109.35488350859413,110.80040986089492
2017-08-17,123.4378141914251,107.79579787424896,109.48381611820761
2017-08-18,125.27396952970695,107.63948143599649,109.52088394998356
2017-08-21,122.962365186666,107.71775887712445,109.48382985335783
2017-08-22,123.57760926275955,108.76346023930907,110.41032772645782
2017-08-23,123.8127891146987,108.4049184881442,110.22673665903173
2017-08-24,124.70439183088496,108.17185009138275,110.00601281054637
2017-08-25,124.61136644593765,108.40546296592555,110.2763748406347
2017-08-28,124.42515132009436,108.4095559352275,110.28863386340637
2017-08-29,124.61171385359418,108.5240420827156,110.32539707401648
2017-08-30,124.70482585634046,108.99779677922554,110.41114949001485
2017-08-31,125.6350619630356,109.59940281937648,111.20674502264465
2017-09-01,126.64888364791875,109.74081897233552,111.29174768945856
2017-09-05,126.19267752966297,109.02261416052215,110.69723437393392
2017-09-06,126.42183034867531,109.36399282679258,111.05119618822312
2017-09-07,127.01624807056855,109.35184265261744,111.46471641790296
2017-09-08,126.28897603687714,109.23437463630579,111.3678242134145
2017-09-11,126.47212167744148,110.3009675729927,112.33775072869517
2017-09-12,126.2893108469437,110.6380312202222,112.51786783733782
2017-09-13,126.47245648750803,110.68601966882167,112.44595418712291
2017-09-14,129.07758273995748,110.6540406818767,112.5658995761438
2017-09-15,128.7212356531542,110.29417267049556,112.64976167486249
2017-09-18,128.27420669598786,110.50686129126856,112.73355350399477
2017-09-19,129.5764024850212,110.60697341635984,112.90099685840983
2017-09-20,128.5569009438818,110.64297627168294,113.08010315796673
2017-09-21,127.12385259673647,110.37504130588005,112.7106094960475
2017-09-22,127.94166406108887,110.3950914489813,113.00968834633174
2017-09-25,123.6153865995455,110.19062955007443,112.63993933376688
2017-09-26,123.28566593853014,110.25089113352648,112.55613747114603
2017-09-27,125.55409479343407,110.64032473460739,113.03541081198809
2017-09-28,124.86093572337408,110.76030195840119,112.91616626942516
2017-09-29,125.60546736188599,111.11180569419881,113.31014214483577
2017-10-02,125.6978482307824,111.54567569985763,113.70258101441146
2017-10-03,126.39004766780211,111.75968698333025,113.82103455183154
2017-10-04,126.6650223093307,111.87833091714093,113.96301603709927
2017-10-05,126.9849565180046,112.4708415737619,114.31746198927455
2017-10-06,126.89383826256726,112.35696089334431,114.07022973305052
2017-10-09,125.52584400705247,112.19184779942306,113.92860015459235
2017-10-10,127.05150252073665,112.45567854445035,114.4131717534072
2017-10-11,126.59613604400577,112.61277899333275,114.74251357856267
2017-10-12,127.87700874061625,112.46376916020355,114.68389335585591
2017-10-13,128.96101857681515,112.58550869811461,114.93022659277399
2017-10-16,129.67595048369935,112.71886674555935,114.97703318762056
2017-10-17,130.11959941918903,112.78937790514428,114.98873159256848
2017-10-18,130.25211128957017,112.88723675307378,115.05889596760635
2017-10-19,128.61999466853712,112.91460734008128,115.08226472200359
2017-10-20,129.60654726149642,113.43065257252832,115.28089283932314
2017-10-23,131.73798390660914,113.04171396377197,115.19927006287661
2017-10-24,131.34667889535746,113.21742449158036,115.17592513127315
2017-10-25,131.43397901712473,112.72241190795617,114.65065729205276
2017-10-26,132.34980580158953,112.8516773863272,114.81493725877776
2017-10-27,135.936668142119,113.66929587385297,115.17810215612685
2017-10-30,136.60416856763203,113.29678743921376,115.11974401041438
2017-10-31,135.9825373046929,113.45257863550758,115.42340495236212
2017-11-01,136.44125545503238,113.58479576401646,115.43505159482874
2017-11-02,136.6488072887553,113.62363459554719,115.65626761852937
2017-11-03,137.47731088443152,113.9575046531454,115.6214177362585
2017-11-06,139.32612255295405,114.11227109833479,116.00490895061868
2017-11-07,138.03527305575852,114.04273558682732,115.79652702089054
2017-11-08,138.81173623266562,114.21282562470914,116.12136045314638
2017-11-09,137.55464187799996,113.85005615345437,115.54319211296222
2017-11-10,138.86880898194684,113.81906220153046,115.5199259211968
2017-11-13,139.63897733812857,113.91204923620066,115.32216164623648
2017-11-14,140.68483503120348,113.67979761342217,115.10068776888644
2017-11-15,137.97782753734333,113.17927051532249,114.70349577828915
2017-11-16,139.12348536540554,114.0293690393542,115.54797291019526
2017-11-17,138.4357827722986,113.7354978074409,115.31535535980227
2017-11-20,140.35024808924092,113.9061339923481,115.46691153217641
2017-11-21,140.15040339102208,114.56041293980235,116.09546846747425
2017-11-22,140.39069724340885,114.47195550782862,116.14173904808665
2017-11-24,141.86891906416244,114.70292854577964,116.59265753494188
2017-11-27,140.09726999979583,114.65300752390723,116.3164168911151
2017-11-28,140.73855193374177,115.66748856737077,117.07819397647854
2017-11-29,138.1499358043939,115.60662058506719,116.83763646613954
2017-11-30,138.5996521350106,116.48211766753738,117.37730949457739
2017-12-01,137.13444816747696,116.27457142766767,117.20600535950818
2017-12-04,133.49958986906836,116.15357890820184,116.95431652357865
2017-12-05,134.1854014761637,115.793916549473,116.72492717613467
2017-12-06,134.10025691269604,115.81290959347356,116.70193988615026
2017-12-07,135.7193497087449,116.12821772317858,116.94340140336897
2017-12-08,137.81578573391357,116.67352858827742,117.40222398249112
2017-12-11,138.39073188362687,116.97483089837675,117.56207713015205
2017-12-12,137.20657912376973,117.15131740846346,117.89267552446543
2017-12-13,138.15699042536173,117.14007264520005,117.88131075229444
2017-12-14,138.3616536936219,116.73145171253252,117.64267542903006
2017-12-15,138.56590673832852,117.05141184646249,117.82492401206493
2017-12-18,140.03349211511537,117.68553528628843,118.78001667429605
2017-12-19,139.31030887048004,117.30149399903382,117.66502866487886
2017-12-20,139.71500488494718,117.2490874259154,117.52835128172288
2017-12-21,141.2869569421507,117.4550522221866,117.79067262767755
2017-12-22,141.64410039398842,117.42890048806886,118.00679685028818
2017-12-26,139.27161973068664,117.30927605812731,117.89329120232786
2017-12-27,140.72969464043138,117.3579324006643,118.02965795980744
2017-12-28,141.44825875483454,117.56367375106822,118.21122403757411
2017-12-29,141.05190368831018,117.18662153020149,118.01865701073227
2018-01-02,143.28032148374447,117.90235403674163,118.77906804728218
2018-01-03,144.44808804981687,118.5348696733534,119.37604798261022
2018-01-04,143.67856570525313,118.95635232418871,119.82392788050909
2018-01-05,144.1438581737482,119.62275936877107,120.6153659495298
2018-01-08,144.22105021497347,119.80562820625363,120.37205559213288
2018-01-09,144.18248396443684,120.03196987053335,120.60487900784508
2018-01-10,144.22106509426865,119.87898181245012,120.37259640043357
2018-01-11,146.68924628252992,120.60858929662687,121.07104973095197
2018-01-12,146.80215816431422,121.26048642192666,121.97383480008523
2018-01-16,144.28336092113568,120.91865706055242,121.79925361138314
2018-01-17,144.4761848180585,121.87182315046255,122.40041555760679
2018-01-18,144.4761848180585,121.70374234943748,122.21571524550951
2018-01-19,144.43769278935167,122.15870722262892,122.67288097576842
2018-01-22,143.59056410559631,122.97180188741281,123.3663465552457
2018-01-23,142.89153379423405,123.18405067524887,123.68917346880714
2018-01-24,141.4445297414352,123.14521560665406,123.88224468911659
2018-01-25,142.23817596975178,123.1875897574737,123.7430680723564
2018-01-26,142.67124924535653,124.34537264509382,124.5899815863633
2018-01-29,142.9456502418135,123.68238360695132,123.95216030851958
2018-01-30,141.42102400720975,122.65667650238434,122.93578653594035
2018-01-31,140.90494196926193,122.70635854597023,123.1087260818924
2018-02-01,139.62800780468177,122.59284051434646,123.09793396255972
2018-02-02,136.8389999613465,120.41584830696131,120.99369635948223
2018-02-05,133.26312166494435,116.23359416983263,116.78293837510903
2018-02-06,134.2980495027669,118.20381822595918,118.64714446111819
2018-02-07,133.27372270809272,117.6613326507392,117.94674326285848
2018-02-08,130.29830003380576,113.9104423599848,114.68166624720331
2018-02-09,129.8538538939403,115.41259468845595,115.99885166724442
2018-02-12,132.62171483051154,116.88104453086154,117.13639747128559
2018-02-13,134.79373911399222,117.12978338335964,117.30855577566683
2018-02-14,136.7069995171921,118.47940606677716,118.91259054360843
2018-02-15,139.41872894772558,119.75541871121325,119.82598426914551
2018-02-16,140.31230858158128,119.78471460273552,120.04947804768062
2018-02-20,140.59411089395738,119.158596354852,119.28015881184155
2018-02-21,141.15613173099476,118.66117331363021,118.6621778548103
2018-02-22,140.55733084038096,118.79078120821897,118.93352381461236
2018-02-23,140.59749240277065,120.3847152525532,120.3429273162368
2018-02-26,141.23980411851616,121.54594074148046,121.28800008813809
2018-02-27,139.4847162070135,120.29728968105773,119.83409582388728
2018-02-28,138.02308926722708,119.284281316997,118.90640853235897
2018-03-01,138.31150992443327,117.83021108758322,117.58646474061527
2018-03-02,138.18825320110773,118.34570391623771,117.90657309249512
2018-03-05,139.58685525810992,119.50149997106816,118.94361430287618
2018-03-06,140.56048517629355,119.75500025954948,119.21430892712206
2018-03-07,139.9980127251827,119.7183518786765,119.24805333520077
2018-03-08,140.52326185959322,120.20226101062379,119.60788656777255
2018-03-09,142.0104035465465,121.9424977517607,120.76194682468781
2018-03-12,142.64406630857468,121.81698905249438,120.8616410742471
2018-03-13,141.77826813983955,121.1707202517009,120.16450168765311
2018-03-14,142.13555337477322,120.65756131072438,120.00849612382308
2018-03-15,141.6608665236103,120.54859370946377,119.90805378071676
2018-03-16,141.89933817029655,120.25768905747513,119.91921957961902
2018-03-19,142.0579460870944,118.90465411674178,118.81332380114078
2018-03-20,143.48312663772614,119.07472398596602,118.8810946804145
2018-03-21,144.30279516853693,118.88279945825917,118.8810946804145
2018-03-22,140.62489828218207,116.38308440033975,116.6573745396044
2018-03-23,139.6602689445066,114.25162259256541,115.06420340239043
2018-03-26,143.84046663995875,116.98752567048298,117.31667389330762
2018-03-27,141.30832945024935,115.28635276216488,115.80220938119497
2018-03-28,138.31072758662796,114.99087328664095,115.94200755419305
2018-03-29,139.50561428917825,116.26863470595094,117.3031036237679
2018-04-02,138.69128668356018,114.11017268523148,115.19132077527428
2018-04-03,138.8965380620815,115.39187066065499,116.16447333963731
2018-04-04,138.60977159234864,116.46178233088773,116.91922702722957
2018-04-05,141.19810009200816,117.25098293382874,117.7259627708256
2018-04-06,138.83526401346512,115.02239796873258,116.2283092435456
2018-04-09,139.77866621815053,115.51523593780726,116.79701611789896
2018-04-10,141.6071865124635,117.10527191347178,118.23960120501712
2018-04-11,141.24804782728432,116.58104631933428,117.75040860238768
2018-04-12,141.08785956425416,117.4037574316384,118.39062530614734
2018-04-13,140.1251649466037,117.110447612972,118.12935559044999
2018-04-16,139.47712993667568,117.93262099632584,118.77855795378956
2018-04-17,140.53705746053987,119.00246576226927,119.70647429342772
2018-04-18,142.75569084798786,119.0764922640732,119.93071125134638
2018-04-19,142.55837736432778,118.52173805025717,119.36017524092826
2018-04-20,142.59791204669727,117.67379682051084,118.67385590114216
2018-04-23,141.965501563547,117.65880187300691,118.60588540054687
2018-04-24,140.931292195233,116.31206509120373,117.6989639283029
2018-04-25,140.08724439958914,116.55922984492267,117.63031596414054
2018-04-26,140.97901299575503,117.5758033100609,118.6148616142545
2018-04-27,141.8629070339149,117.66967886948106,118.60352260922753
2018-04-30,139.911494213494,116.90062581885662,118.12733419258646
2018-05-01,138.81482301706814,117.07831331776057,118.15012329345124
2018-05-02,139.38976916678146,116.40656499505835,117.6148144046508
2018-05-03,138.8181097508694,116.18619377053594,117.75221863535224
2018-05-04,138.40743057262256,117.48083772746969,118.4726359078484
2018-05-07,140.0156754783893,117.81916734600684,118.81323015867358
2018-05-08,139.85334183727923,117.81916734600684,118.7227184997619
2018-05-09,141.47935652153745,118.78574401410076,119.43619214828341
2018-05-10,146.07935499565855,119.7208048726061,120.2570662677352
2018-05-11,145.12333203716165,120.02593579068801,120.48012776681331
2018-05-14,146.97661215031235,120.07358280549627,120.7249544073751
2018-05-15,146.63545124014405,119.38488590200518,119.95896592227233
2018-05-16,148.6133840370498,119.8053890761822,120.27219870134012
2018-05-17,148.314988194828,119.72091196885053,120.3725711437657
2018-05-18,147.64158636819738,119.47091264200765,120.04948635251627
2018-05-21,149.07285220260385,120.22276781684234,120.64186231324692
2018-05-22,148.29304904834646,119.9447527533021,120.53075289755681
2018-05-23,146.83347045676499,120.21987106895469,120.1525504932028
2018-05-24,145.73206897929057,120.0150138884593,119.96273564999215
2018-05-25,145.23283294417308,119.7767463204352,119.67187298302073
2018-05-29,143.92059768909704,118.62664345326297,118.25821367003604
2018-05-30,145.0547428552624,119.96111541984543,119.53281829297839
2018-05-31,143.5852878701642,119.34852490596435,118.82487664948897
2018-06-01,142.36864944193928,120.33029342967454,119.91134006940909
2018-06-04,137.8394504503106,120.80543515627117,120.26960215619542
2018-06-05,135.67548689265388,120.87819332705038,120.25844403895024
2018-06-06,134.7397178105072,121.71424848587992,121.17331597909522
2018-06-07,134.4820906274571,121.7034342176907,120.85270426442733
2018-06-08,134.3099037614781,121.99907085418857,121.2187137900002
2018-06-11,134.22365771877404,122.13207172191937,121.48394254326571
2018-06-12,134.7847244444475,122.26131349112386,121.43985468473231
2018-06-13,137.10232501616096,121.9422203441317,121.17521085773592
2018-06-14,137.7315180428816,122.19399612735822,121.2636595407143
2018-06-15,134.64690037644436,121.61996174266683,121.08692692735714
2018-06-18,135.2060365517846,121.41427945847687,120.6332325048184
2018-06-19,135.2060365517846,121.03100003703082,118.98806160375008
2018-06-20,135.76207193579515,121.20159939118804,119.1236799498564
2018-06-21,135.63446374203318,120.57471567967022,118.53677627940284
2018-06-22,136.57143659123355,120.75703773983828,119.01361342769323
2018-06-25,134.9258615513925,119.39575421093356,117.70287482643968
2018-06-26,135.3548636267286,119.61715867717548,117.84027206895591
2018-06-27,133.43260490877648,118.78873454262578,116.97130094594411
2018-06-28,133.9552566684386,119.36048449993967,117.51340156560583
2018-06-29,134.04191376475484,119.50444851107737,117.84608588546239
2018-07-02,134.73455378540373,119.71824480084273,117.65171340578615
2018-07-03,133.96069177592585,119.36512499402868,117.26220262136746
2018-07-05,134.7405891146208,120.18092104602958,118.30878536322894
2018-07-06,135.94437537382225,121.02674441392962,119.09412845065539
2018-07-09,137.6011271770526,121.92718023843105,119.78300545723776
2018-07-10,137.0578715712969,122.28702191599959,120.16433825661619
2018-07-11,135.25115555612336,121.55557387384617,118.92411411097198
2018-07-12,135.76462978622828,122.46217284026515,119.84050461237142
2018-07-13,134.87063622931535,122.54092189154062,120.05351184096638
2018-07-16,134.7847236125896,122.45150524456665,119.82977658019027
2018-07-17,133.88188186815773,122.8560319495236,120.14371174291306
2018-07-18,133.92526681051277,123.06639182235233,120.42313500947064
2018-07-19,133.96863293849816,122.68924901732802,119.95501400720698
2018-07-20,133.05836381300804,122.57496068724988,120.24616126135126
2018-07-23,132.5771713046327,122.76089444900195,120.2573293458791
2018-07-24,133.58815830347373,123.26409683412159,120.7039091463053
2018-07-25,135.8509975903411,124.11634801089228,121.48194286726198
2018-07-26,134.53185092675653,123.88043610472839,121.31650608673021
2018-07-27,132.67760213299616,123.20281101297586,120.8193817330732
2018-07-30,131.31556582884446,122.68045966958763,120.51961861107785
2018-07-31,132.60732083251216,123.17339565996501,120.84255099000625
2018-08-01,132.07962103878933,123.00633162728593,120.55395678709297
2018-08-02,132.74274930123443,123.5510974809763,120.77659615497178
2018-08-03,130.01986468652638,123.9795798607745,121.05428137477597
2018-08-06,131.23882839945483,124.34629654714236,121.15397562433526
2018-08-07,132.04168435201169,124.67652837522498,121.56339811624892
2018-08-08,132.61690186781843,124.63451033375514,121.61850397136796
2018-08-09,132.08896990872717,124.49789429559459,121.25502580446967
2018-08-10,130.0986967959815,123.82788215365181,120.12745930724485
2018-08-13,128.47414529403915,123.45353636156086,119.80321857869909
2018-08-14,127.23561979007472,124.09160362636918,120.16216382754614
2018-08-15,124.95972682448789,123.34486351972424,119.25683517264243
2018-08-16,125.19736577356059,124.15400497375724,119.95613033571317
2018-08-17,125.14994885175177,124.50604327855011,120.31455293786316
2018-08-20,126.81029222336689,124.72003888451557,120.7386655375104
2018-08-21,128.07021034711258,124.95456924425376,121.20543387855976
2018-08-22,128.34670557214892,124.89520523212477,121.33817183780987
2018-08-23,127.33567932655872,124.76241532927617,121.06198976835421
2018-08-24,128.96055611042547,125.36425625067868,121.54941910010221
2018-08-27,129.23466015320307,126.15379015787111,122.49749606960003
2018-08-28,128.59684105465686,126.20210772603568,122.42105215231543
2018-08-29,130.20161129784861,126.74018632921656,122.96750023974712
2018-08-30,127.99042097974313,126.33534786726976,122.48923671647947
2018-08-31,128.72876821946994,126.33879594375819,122.00868317372719
2018-09-04,128.82038735750737,126.1665662568012,121.61359910930636
2018-09-05,126.80665497134794,125.89742482418407,121.11778094376551
2018-09-06,125.82580917046373,125.59641969639046,120.91846712465151
2018-09-07,123.89184769566583,125.40208406636653,120.41919167590504
2018-09-10,123.55513966733396,125.57593663569506,120.68680749097285
2018-09-11,124.0860306615275,125.90567688884585,121.05380241732358
2018-09-12,124.8061440512523,125.92989668721127,121.28648838349827
2018-09-13,125.13979370021104,126.52134365869625,121.9387147523425
2018-09-14,124.2846943921301,126.53854212957485,122.00460992706275
2018-09-17,123.32637740651948,126.00911125805713,121.65338646895658
2018-09-18,125.21316689954769,126.55172802175724,122.2151246902228
2018-09-19,125.49807371252291,126.65828934817827,122.59847459429966
2018-09-20,127.24996252493924,127.46866821696139,123.53682767235033
2018-09-21,127.66876268104184,126.9270794130191,123.52601572121044
2018-09-24,126.97367640179908,126.59487582620281,123.12601275193258
2018-09-25,126.69369756331122,126.50210246909188,123.02832867446205
2018-09-26,126.41292371710311,126.20287800918216,123.07178903422896
2018-09-27,124.77050048743999,126.48230313162937,123.02834755428553
2018-09-28,123.72088539696287,126.49262298406492,122.7675936849002
2018-10-01,123.72088539696287,126.84003966038028,123.12706448085875
2018-10-02,125.02271982677644,126.78176199907298,122.69290198394245
2018-10-03,124.30877591008826,126.83664046780984,122.8673225953669
2018-10-04,123.15824971595639,126.05506951972394,121.75730338779107
2018-10-05,120.87890344256118,125.49536971889374,121.36113237483805
2018-10-08,119.68783755838392,125.49536971889374,120.93024144516882
2018-10-09,118.58286862297187,125.34944052111521,120.75269633061829
2018-10-10,115.89114352256485,122.18311961061674,118.17377267740021
2018-10-11,114.4819553184212,119.98046972412284,116.16555479916235
2018-10-12,115.48778136498916,121.36930706578705,117.28339261375828
2018-10-15,117.37457702427155,120.80760449576364,116.69611195007472
2018-10-16,119.12354895455638,122.99419346568301,118.71163126765178
2018-10-17,118.26409460474576,123.01203166526776,118.46182858630121
2018-10-18,116.37729793102163,121.56791751505796,117.03894865265131
2018-10-19,115.4417453981885,121.51365054696947,117.17751995599596
2018-10-22,114.70722601953587,121.06478530375682,116.93536234354598
2018-10-23,112.01166456697094,120.55570404694886,116.10308722746252
2018-10-24,109.13279063411747,117.52585189564965,113.17733584683025
2018-10-25,111.31400604408704,119.31990402765878,114.7863704132648
2018-10-26,109.0698908982777,117.56116578855973,113.40371175057986
2018-10-29,108.17403512031443,117.00713823981046,112.93636674888943
2018-10-30,110.99889375561409,118.48898614369014,114.36906898388139
2018-10-31,112.59229483265818,119.5570729295452,115.55601260405943
2018-11-01,116.05362202341418,120.62125828625005,116.51788907892654
2018-11-02,117.77866090570983,120.02895999392223,116.18095296116707
2018-11-05,123.12296185358178,120.58065366385694,116.63560369000638
2018-11-06,122.58637351040342,121.2134421257818,117.09980414768152
2018-11-07,125.62708394587385,123.3543314660599,118.9133650814447
2018-11-08,122.86649414393398,123.17283979391256,118.2780149992214
2018-11-09,121.69175225684081,122.19601618094464,117.70710841147718
2018-11-12,120.70115910355148,120.32749578242307,115.66301247455897
2018-11-13,120.00081197372955,120.14038430576733,115.92091819957413
2018-11-14,119.14438843203207,119.45671696464639,115.32457286882712
2018-11-15,121.93909995912438,120.50037968827347,116.08919057209133
2018-11-16,123.07602308043306,120.76044195522371,116.32266820423234
2018-11-19,122.29401010598706,119.06899246229845,115.04151462130486
2018-11-20,119.68317858275583,117.21837526669256,113.24821090003083
2018-11-21,121.35237390933693,117.55912716473993,114.1011651320031
2018-11-23,121.25286914623199,116.89125715981716,113.30307318048298
2018-11-26,124.04171111869265,118.50569210758546,114.52786219034365
2018-11-27,126.60954397876203,118.84213842402819,114.6939350071649
2018-11-28,129.63268704603627,121.14466927958578,116.89668317932683
2018-11-29,128.62397856945867,120.92616260929734,116.59540609121997
2018-11-30,126.12281640312763,121.5356898898257,116.79298648073228
2018-12-03,127.7380190867899,122.85983063979977,118.11533818210675
2018-12-04,124.9329770519993,119.61959140295559,115.07012229294689
2018-12-06,125.07727131835726,119.4678786695201,114.75130748048097
2018-12-07,122.43558426205404,117.14428353953032,112.96263827935866
2018-12-10,121.59690605556767,117.33398645947788,112.75758968349481
2018-12-11,121.64665843712015,117.35670678247165,112.64881963247448
2018-12-12,122.54173700356796,117.86024161292596,113.72564888016635
2018-12-13,122.8374465315871,117.82633957842452,113.52215574264865
2018-12-14,121.36323946138796,115.97986334273685,111.80691014103516
2018-12-17,119.06897960115619,114.01802490207062,110.24479305394799
2018-12-18,118.20118952984528,113.90837625755792,109.41413874212009
2018-12-19,116.24444823595381,112.41080400697089,108.2889961619044
2018-12-20,114.45873323469762,110.7830095202607,106.8349641101499
2018-12-21,113.228779009023,108.165377417403,105.01304243468246
2018-12-24,110.73825869730828,105.5230838191529,103.07891306658719
2018-12-26,114.62498188828454,110.57557017356025,106.35716340568551
2018-12-27,113.66293802599203,111.34330707528592,107.35070746125504
2018-12-28,113.87879882845569,111.21430827866779,107.42737181613158
2018-12-31,113.77109576926149,112.09019048611293,108.1167640067408
2019-01-02,115.06490540989647,112.19422157955916,108.12943613364313
2019-01-03,114.00050544611477,109.80794524384481,106.45600847037451
2019-01-04,118.62665177904981,113.15751833704135,109.49881492297745
2019-01-07,120.47754478101244,113.94598281581487,109.9617813332117
2019-01-08,120.5280254935386,114.88551583137574,110.9457157042656
2019-01-09,121.94074340956675,115.35286492136902,111.63638855323839
2019-01-10,124.12980075139276,115.7056205355115,112.08960113205788
2019-01-11,123.39951097927539,115.74425082816806,111.79694720337562
2019-01-14,123.2033412422669,115.1341585342392,111.43007006667622
2019-01-15,123.25248241521223,116.2802394499278,112.3383772382508
2019-01-16,122.7613214207529,116.52222326711352,112.43569122918333
2019-01-17,124.48886523869808,117.2808945773288,113.15266331731864
2019-01-18,123.7610558188208,118.61189553326624,114.250640745246
2019-01-22,122.53915938095767,117.26084613787415,112.87816012307931
2019-01-23,124.46890363956436,117.47008997154902,113.10807595416541
2019-01-24,127.62424153516443,117.52323302948655,113.30123788725479
2019-01-25,130.02424261225542,118.36937648978518,114.32545586050549
2019-01-28,132.32203670573318,117.6093535298373,113.58595783537582
2019-01-29,131.15402131396115,117.47665483005083,113.75418589064483
2019-01-30,133.3812930008619,119.05973172621356,114.98978902374866
2019-01-31,136.93843463070107,119.93797607236945,115.66522414514544
2019-02-01,134.491025529086,119.98613851683287,115.62991484709913
2019-02-04,135.67940786149643,120.68968362297991,116.23041188512798
2019-02-05,136.33186379896324,121.10886831346987,116.78050693109365
2019-02-06,136.93688238448533,120.97704265946234,116.51278100031821
2019-02-07,135.30457543900823,120.02376273021424,115.48570671193869
2019-02-08,134.6058861373602,120.14591663351327,115.39136493342971
2019-02-11,135.2215386925825,120.20137339241717,115.37955882379049
2019-02-12,136.27049711596538,121.48731347412516,116.65449902297253
2019-02-13,137.00579153691308,121.81200669230891,116.88762286736917
2019-02-14,138.42270828544807,121.5901857631025,116.74807743165745
2019-02-15,136.771559753949,122.67991175667557,117.99414667656242
2019-02-19,140.08624108385465,122.85296976395037,118.23569151044278
2019-02-20,139.58623758704883,123.05451647846985,118.52255323806509
2019-02-21,141.72191701253112,122.69892931516644,118.22506796153054
2019-02-22,144.87895053870034,123.31892828331989,118.7873790324527
2019-02-25,145.07767564745936,123.45505149937436,119.00420254878443
2019-02-26,144.1256733474435,123.383506816592,119.11807008974161
2019-02-27,143.52495399359856,123.34054708795065,118.86784121657857
2019-02-28,143.92785642187928,123.15429368232242,118.62838957258752
2019-03-01,144.449522394466,123.77867318486442,119.29132458826533
2019-03-04,144.13016141186085,123.41492613315377,118.85985274230788
2019-03-05,143.16900891799673,123.2789186560193,118.85985274230788
2019-03-06,140.2980056927033,122.6732264088866,118.3352785928431
2019-03-07,137.80008575084167,121.83668621526567,117.34937858452537
2019-03-08,136.81802109889006,121.63668683669191,117.1988577107517
2019-03-11,140.35402660100266,123.08681112082805,118.50916025110836
2019-03-12,140.60392025102522,123.4639077246789,118.70373294608514
2019-03-13,141.01937676426826,124.12582985719042,119.5033639044143
2019-03-14,140.7711373527954,124.06185293313973,119.32204473330341
2019-03-15,140.39784763769995,124.11520116707439,120.08271475489406
2019-03-18,142.43781334036416,124.47778657908397,120.47707923277697
2019-03-19,143.0498068823043,124.50258285562145,120.51074789698642
2019-03-20,143.49587586459228,124.2015891863981,120.30879534372426
2019-03-21,141.1139616874249,125.33105938040772,121.01706392655407
2019-03-22,137.35052150575825,123.40642524460135,119.0635029037485
2019-03-25,136.70591636790047,123.33122687214721,119.07488228053043
2019-03-26,136.4896484501055,124.0766348812395,119.74656259915844
2019-03-27,136.2295727382023,123.55372607139469,119.39600559641734
2019-03-28,136.79454083673988,123.93277044176078,119.61161477264275
2019-03-29,136.88097324076415,124.56332139652908,120.15515839194259
2019-04-01,138.7808028476576,125.74923737488113,121.31519755026719
2019-04-02,139.37402059081649,125.79822266509386,121.34859632492628
2019-04-03,140.76407925504415,125.95558609661126,121.73813275237752
2019-04-04,141.84426301980645,126.22092343772506,121.82682658138131
2019-04-05,143.77603167919125,126.70494554368238,122.20343709520769
2019-04-08,144.4615158788839,126.78118396594364,122.3137863239544
2019-04-09,142.5792598665534,126.26869705762391,121.74058938230547
2019-04-10,144.08946737362848,126.60979586889249,122.09535624001151
2019-04-11,142.3202654467693,126.58204010647547,122.05117452589754
2019-04-12,143.05706570435115,127.25863434846767,122.70324826153076
2019-04-15,143.50403319835706,127.19315239402589,122.68129081875772
2019-04-16,144.35355179728293,127.25867725542757,122.75817131571327
2019-04-17,145.27613318284585,127.01398762001355,122.70329527285703
2019-04-18,144.9979149982324,127.21090480177301,122.85702250478585
2019-04-22,145.9146130486013,127.29710575669692,122.86798855711656
2019-04-23,147.05995633068133,128.19627410613927,123.3941842610365
2019-04-24,146.94281191080424,127.97434229596176,123.04522056913494
2019-04-25,146.6300678766187,127.91273904284215,122.96861770534836
2019-04-26,146.82614331607184,128.37841818202594,123.42859559338883
2019-04-29,146.12164858729682,128.53519247374635,123.59211231746521
2019-04-30,145.01798017033525,128.58623337583794,123.82067031784632
2019-05-01,146.13396536341077,127.83458670634045,122.97367410727537
2019-05-02,146.44929812281035,127.61869112768194,122.80940524242503
2019-05-03,149.4355389823388,128.59746926326937,123.87346135512982
2019-05-06,146.9174166226814,128.1859495339555,123.23306587539508
2019-05-07,149.2657547807484,126.51597667481846,121.53981370557246
2019-05-08,147.7743612995337,126.37705613626424,121.50647802382004
2019-05-09,144.1252909357699,126.07448071078477,121.06183425998086
2019-05-10,146.42182478682824,126.57681881969782,121.49729585028884
2019-05-13,142.64081215370445,124.06379535611909,119.25160745495877
2019-05-14,143.8278731629394,124.96816360983898,120.13867532325149
2019-05-15,145.85052694080534,125.55390944535785,120.74740142076065
2019-05-16,148.34854869047936,126.48003540868062,121.54291860224265
2019-05-17,146.02746407687977,125.83352314235437,121.0315812421336
2019-05-20,144.99776020012004,125.17231961762958,120.32767369641519
2019-05-21,148.07899455312545,126.07388589638964,121.13783862165064
2019-05-22,148.73893273163267,125.76673960033796,120.84763378019116
2019-05-23,145.46087499362307,124.54488259137038,119.68341023355535
2019-05-24,147.1355164512451,124.77171469516001,120.22706831777977
2019-05-28,148.27277494350918,123.84166133418482,119.37092937942677
2019-05-29,147.61360445006574,123.17059050649554,118.62101045420307
2019-05-30,148.97971866808373,123.44371006506485,118.94155857576922
2019-05-31,147.82454252256002,122.09618120362549,117.94875343545688
2019-06-03,149.4217370928504,121.84189206300347,117.69517895956226
2019-06-04,150.2652927446835,124.01255575389978,119.69424957342522
2019-06-05,152.2424808543733,124.87877066366168,120.20405425763336
2019-06-06,151.57133876927287,125.52903797828408,120.63236495216626
2019-06-07,152.9602308402583,126.52974241145539,121.88938264662484
2019-06-10,154.4411624031635,126.98863598080266,122.39924639994864
2019-06-11,154.5870978856517,126.9644094784242,122.25588815890269
2019-06-12,152.61988149031959,126.78788498592814,122.04605664592343
2019-06-13,155.4069495105824,127.20051089646071,122.21206098951096
2019-06-14,154.10542885860292,127.09001403152602,121.92479755995195
2019-06-17,152.31055785196577,127.12803703776585,120.53975600870544
2019-06-18,156.04050943689708,128.17513895932817,121.68581965260026
2019-06-19,156.86755529810478,128.40085841072565,122.13016706517008
2019-06-20,157.15286172140722,129.35629000026182,123.07022290606152
2019-06-21,156.7261162176661,128.72761919526857,122.77440100072906
2019-06-24,157.011830230902,128.60517519813848,122.80736669226408
2019-06-25,154.26966335107372,127.62438077668996,121.98346247381147
2019-06-26,155.0386161007183,127.52463922517619,121.98346247381147
2019-06-27,157.29151915875534,127.87923652436999,122.26037873807856
2019-06-28,157.75349879960444,128.3938162842328,122.80163342754796
2019-07-01,159.66364736499085,129.301667363451,123.49379438782908
2019-07-02,160.56611259824848,129.5620979269816,123.8102165489847
2019-07-03,161.04770665094244,130.36161051873873,124.50632202283035
2019-07-05,161.21888482956746,130.24782325241318,124.25788461476752
2019-07-08,160.97965142465748,129.69834118519742,123.77061124641082
2019-07-09,160.4315190351927,129.82299420994562,123.6617989804035
2019-07-10,160.53485619877284,130.3007972647224,124.1519917181842
2019-07-11,158.1260507326502,130.5352208410831,124.37963300216539
2019-07-12,159.50122485555232,130.98291598953142,124.67165579595134
2019-07-15,159.6055750699715,131.01617928756764,124.61773252414325
2019-07-16,159.57082792388655,130.69365186588746,124.31561903862871
2019-07-17,160.02268457560072,130.01314998009494,123.95847420572277
2019-07-18,160.12649318128067,130.3792399826615,124.14311433769711
2019-07-19,160.5067234239049,129.82374916208755,123.7419921285076
2019-07-22,160.36897922877318,130.0693932162537,124.03588201094418
2019-07-23,159.231048457373,130.78439990522753,124.67621625361124
2019-07-24,159.02177232977368,131.25435413242022,125.02130380158908
2019-07-25,157.7984225429754,130.7766463200053,124.26901518828583
2019-07-26,158.68306514019838,131.44664957521363,125.02700608076307
2019-07-29,159.48979800722702,131.2645303431479,124.91953042226149
2019-07-30,160.0117173521291,131.0190615395421,124.27402370486462
2019-07-31,162.15779160734542,129.92501773415273,123.7434358631043
2019-08-01,165.07206000341907,129.0542258161655,122.63304585038533
2019-08-02,165.10498170660287,128.30127463984041,121.84045049554793
2019-08-05,159.37753003055002,125.29396552227836,119.27719581558078
2019-08-06,161.8565838257743,126.69625583516793,120.1540939978716
2019-08-07,167.61467756373764,126.75532930109756,120.70726384844812
2019-08-08,169.35436503877435,128.71733710487368,122.11065444492594
2019-08-09,166.9161115250824,128.0361845834993,121.56814130782992
2019-08-12,165.32571951076312,126.81885111789035,120.29907822599624
2019-08-13,165.29273722520082,128.3740218593233,121.67465741995231
2019-08-14,161.2676651867624,125.41726429397832,118.88297458823615
2019-08-15,160.68327166526964,125.68144182695617,119.11180404447246
2019-08-16,163.76072459507785,127.15694237046176,120.13920306451328
2019-08-19,166.64566463452368,128.36171314948777,121.15615394121262
2019-08-20,167.59121079512792,127.59545914296584,120.60805790608259
2019-08-21,170.0459919687585,128.409005248979,121.5078390211566
2019-08-22,167.74460622462644,128.3782215759713,121.20687296851828
2019-08-23,164.71136795098928,125.80947769023877,119.06017602539414
2019-08-26,167.07410009690443,126.9153207055061,120.11137099069093
2019-08-27,165.7412007329209,126.52295789897398,119.88522380376698
2019-08-28,166.23543340720403,127.2271164257048,120.27054109243021
2019-08-29,166.36658394991662,128.50440942190568,121.44462202946936
2019-08-30,166.39932239534383,128.45998588947026,121.69009579042279
2019-09-03,163.81340086373098,127.87526306461852,121.0779013950727
2019-09-04,165.93033351131606,129.01030413959643,122.26504166579188
2019-09-05,165.04188811533817,130.29584306948644,123.39398941309383
2019-09-06,163.78026441836852,130.37306436526714,123.5581503980731
2019-09-09,162.1999035677577,130.42339968491382,123.59093712205916
2019-09-10,161.48244204217858,130.39992305132802,123.84216128357997
2019-09-11,164.0977216115142,131.1110205867877,124.16903321183008
2019-09-12,162.52160049090912,131.45740145104142,124.70117684131064
2019-09-13,163.33931690657803,131.3910161739467,124.67957519592625
2019-09-16,165.3332342757751,131.08214085856173,124.39864366955442
2019-09-17,168.67982214412785,131.33534240318875,124.73453873458698
2019-09-18,168.5836352697072,131.3951565291191,124.79933915464858
2019-09-19,171.47195853763446,131.38850773109715,124.91804515142162
2019-09-20,171.69029818774604,130.4585263580919,124.49765127003671
2019-09-23,172.21939300036345,130.43505601998498,124.32445789758408
2019-09-24,168.59710165692744,129.65037528998232,123.72805468301293
2019-09-25,169.23957119862763,130.24185128581854,124.01168306898857
2019-09-26,165.66472012310643,130.03353358964247,124.06607559764278
2019-09-27,162.3545578248428,129.49481099586617,123.6311968073837
2019-09-30,162.90232146666298,129.95858728073216,123.8495817650638
2019-10-01,161.1658549555672,128.76911431851352,122.80360323244128
2019-10-02,160.23030245364927,127.00264560746182,120.82165756209749
2019-10-03,161.62939170302118,127.82192488578667,121.81020498514555
2019-10-04,163.7335676780734,129.17513488994473,122.80019316594912
2019-10-07,162.65248764192398,128.7436691162347,122.74511766065825
2019-10-08,162.6866414282878,127.19119607084414,121.31245791526682
2019-10-09,162.2086581827398,128.14083397538343,121.91621563081596
2019-10-10,163.5808695850206,128.8171828252509,122.79418101941353
2019-10-11,164.39305802719758,129.8538792671285,124.0941703868428
2019-10-14,164.4266207033504,129.7425026728173,123.92016708284608
2019-10-15,163.4199118283802,130.7325322571822,124.92245290893726
2019-10-16,162.09787999906348,130.57192901223905,124.70672973968131
2019-10-17,161.9261137903352,130.86683682082224,125.30125509873746
2019-10-18,161.7196462506069,130.42912044687912,124.86068337783591
2019-10-21,163.99550779340728,131.10703735307655,125.45431037546706
2019-10-22,160.927403099902,130.78036629715754,125.01440045471617
2019-10-23,162.0404455166819,131.07132482321808,125.499363213421
2019-10-24,162.69404213192865,131.23472025685712,125.76748848768932
2019-10-25,161.8738105213996,131.64421887733292,126.01350770064165
2019-10-28,162.2184017684441,132.20787327224355,126.41896784625466
2019-10-29,162.45878532890717,132.17820088796634,126.53586541494252
2019-10-30,158.62185206840024,132.48492666204004,126.90737425426147
2019-10-31,158.69310414528346,132.21859272465656,126.4420666999343
2019-11-01,159.01350340515884,133.1449858280639,127.49391310333391
2019-11-04,157.55857138609565,133.54675639378445,127.81984892144389
2019-11-05,159.10700602090878,133.43614171333687,127.85128759244844
2019-11-06,158.255936262137,133.45894317394237,127.88272437573893
2019-11-07,157.68369072332735,133.81061577270538,128.07124584499664
2019-11-08,157.82757891262636,134.05722807190955,128.17578114741445
2019-11-11,158.6178063269536,133.8662536648311,128.1131190895096
2019-11-12,158.154516365297,134.07705109749475,128.26986050085995
2019-11-13,156.32852201044795,134.10941553228946,128.2177004349662
2019-11-14,157.38614056395565,134.25499355900178,128.0819959687124
2019-11-15,157.89137802921246,134.97863136881853,128.9286618028205
2019-11-18,156.8141746529109,135.05239270255188,128.83537411194823
2019-11-19,157.649025672709,135.0235495703618,128.9183721735327
2019-11-20,156.67710180269458,134.65167008158338,128.44154095278847
2019-11-21,156.02279317427517,134.49077938503095,128.1915612758549
2019-11-22,156.3521021857612,134.71316713306922,128.400399726985
2019-11-25,157.70148525725608,135.48818762713094,129.19231608268313
2019-11-26,157.91738833018064,135.71475413513775,129.2750145204832
2019-11-27,159.46137504215886,136.16050823406704,129.83280909660695
2019-11-29,158.4359121408645,135.7896405445179,129.22675224284393
2019-12-02,158.04291245793823,134.9401661622535,128.59632583018973
2019-12-03,159.4059005481602,134.26951195957463,128.03470242201743
2019-12-04,160.29054314538317,134.88653788024328,128.71454921809467
2019-12-05,159.86963525948343,135.0663354702893,128.83920651554382
2019-12-06,161.2081385221985,135.9797404455682,129.58625075835488
2019-12-09,160.82579368868676,135.66532806911852,129.22579918304987
2019-12-10,160.37220275547418,135.55381854379965,129.18445456751775
2019-12-11,162.01958902271144,135.8376875999993,129.63942555869926
2019-12-12,163.98510521176047,136.6995893045169,130.2570256252945
2019-12-13,164.4247435934206,136.75950241222694,130.70715600013466
2019-12-16,166.545952834441,137.44650374383662,130.5747546562299
2019-12-17,166.9086320649991,137.46841526941367,130.27901641153534
2019-12-18,166.77722301498088,137.47467024116125,130.21765038856944
2019-12-19,167.4680157599034,137.8845696665515,130.5553863768478
2019-12-20,167.69669819514826,137.83159898615597,131.0347837823089
2019-12-23,167.72929346497344,137.98437241476907,131.00433126109652
2019-12-24,168.02254908902603,137.98748858611174,131.05509834137584
2019-12-26,169.1271629454364,138.51981476878302,131.43062127973576
2019-12-27,168.323821064787,138.49503707347154,131.60251022445013
2019-12-30,167.77312436354856,137.94371487188047,130.85556577502143
2019-12-31,168.09885228418696,138.18664461272914,131.31320529486536
2020-01-02,171.8001552881992,139.12183690211458,132.0724683129544
2020-01-03,171.14266941371596,138.36461355368232,131.2285053387829
2020-01-06,170.26022761309707,138.74611877137315,131.79593622817438
2020-01-07,171.1505257768632,138.4649410365687,131.53396934028473
2020-01-08,172.2220674014866,138.99789463931745,131.81682496745853
2020-01-09,173.68761534403612,139.67595955122422,132.39101627812585
2020-01-10,173.31883002379732,139.3881890142671,131.9903813510865
2020-01-13,175.53968524084917,140.07592375091,132.63398490492347
2020-01-14,176.44493340797573,139.92346149099572,132.4341402067046
2020-01-15,175.6076164498547,140.1494472008106,132.5743078013164
2020-01-16,176.39168859318883,140.98128575957824,133.3741509113024
2020-01-17,177.13974369102635,141.29253885322706,133.7113895230008
2020-01-21,177.1100486447628,141.09671888330428,133.18746070775313
2020-01-22,176.18907011031146,141.10879511221947,133.3663341153738
2020-01-23,176.51890703800103,141.2234824083541,133.28698265857642
2020-01-24,176.27982150737844,140.33417449922126,132.62183247887702
2020-01-27,171.9059421032346,138.73123347973157,130.91285873692655
2020-01-28,174.50619248456988,139.77915145451905,131.83812937874444
2020-01-29,175.48329078937664,139.69654889122558,131.8683518033377
2020-01-30,175.54376994857907,140.02108430682787,132.01942595430535
2020-01-31,172.7030367289527,138.20529395573976,130.29979698961353
2020-02-03,174.0716171514289,138.9481479169019,130.84210616907933
2020-02-04,179.01178469611582,140.47227555969673,132.62309534265347
2020-02-05,180.6784504332754,141.62707645350395,133.55300263723484
2020-02-06,181.74258309652978,141.9635619681514,133.90965074665067
2020-02-07,180.74657148525984,141.43059630531425,133.2482432657471
2020-02-10,181.89632055296713,142.17712862849925,133.75505251761078
2020-02-11,185.8747279997248,142.3504336071466,134.21975612008205
2020-02-12,190.65745550096048,142.9947107649321,134.72167732189976
2020-02-13,188.90992816403804,142.8880141094838,134.3985263013562
2020-02-14,188.4851873751096,143.04822551066854,134.52623752274212
2020-02-18,188.9917254980324,142.7905255398573,134.24169972767012
2020-02-19,197.05538824075512,143.26864905098915,134.6352858111977
2020-02-20,199.8045263991778,142.8578243935723,134.21384083391615
2020-02-21,197.20060825131625,141.82799768486421,133.51502282689276
2020-02-24,193.44785190567458,138.5114578041434,130.0458980165311
2020-02-25,189.82909063426052,135.4812428285337,127.36595076659924
2020-02-26,190.04062376937486,135.11342132879457,127.07053107583846
2020-02-27,186.32030769907252,130.62225271422795,123.33508263213805
2020-02-28,186.2654969102435,130.20209878361408,121.9060367551309
2020-03-02,187.69132756655972,134.53274961374655,125.87615525706393
2020-03-03,188.06980656979246,131.6695038897274,123.62365495898318
2020-03-04,191.81340837335418,135.87280642358908,127.43140358763023
2020-03-05,191.32016168474803,132.5486376633055,124.39758206175291
2020-03-06,187.53722222826025,130.8955264614087,122.83865886013537
2020-03-09,174.11531165456725,123.08607943119922,114.55515597625812
2020-03-10,177.7795714659136,128.26056868216372,119.0589031033747
2020-03-11,171.34452838749192,123.38572386502528,114.07911681103815
2020-03-12,157.0726518156768,113.8180076736228,103.64624421311701
2020-03-13,159.40787161624067,122.36663798344122,111.75104097459145
2020-03-16,143.3239524886649,111.42426444294674,100.37342214865976
2020-03-17,150.78009643526718,116.8234708714232,106.04155310699585
2020-03-18,141.5964229658794,111.76017858612319,100.47631032455963
2020-03-19,144.96720948273335,111.97267629730483,101.2289357052439
2020-03-20,143.88025296099423,107.10385931566987,97.9590276085365
2020-03-23,141.5505796131019,104.54703850033435,96.15224061539294
2020-03-24,155.051930165336,113.60736468321903,105.24854171190192
2020-03-25,159.7307578310883,115.10438277123845,107.04397119380562
2020-03-26,162.60954661845022,120.94336300257676,112.62922040507462
2020-03-27,154.54621618265756,117.96479727727373,109.59202222937085
2020-03-30,155.22703348729812,121.21236881346024,112.2153509095902
2020-03-31,155.58502932967252,119.72183031261577,111.32510930626654
2020-04-01,150.11535360313746,115.22134297856508,106.79540474387295
2020-04-02,152.92457819675425,117.52888231450305,108.85185467387019
2020-04-03,150.0697627405098,116.08346303833181,107.32412695432964
2020-04-06,158.04625158548285,122.8000844760111,113.63682112661277
2020-04-07,160.728990903051,122.90203250371773,113.81294314625146
2020-04-08,164.8183507286698,126.25887395228112,116.19898055855006
2020-04-09,166.56443856509324,127.78061005647055,118.026526107524
2020-04-13,165.27734985633148,126.86759480360577,117.18335942895652
2020-04-14,170.56528557598978,129.81688188726187,119.69793632703485
2020-04-15,166.85011552079936,127.69207178199618,117.43463967277617
2020-04-16,166.06412296933996,128.17450132216698,117.70136322073309
2020-04-17,170.133259239198,130.87604499111455,120.32531228774204
2020-04-20,169.23360445610544,129.11424689856955,118.89960350334896
2020-04-21,165.56740592455083,126.07792177901193,116.15037693022188
2020-04-22,168.68447952221405,128.29737584030082,118.12923705592684
2020-04-23,170.40679853092377,128.290202952156,118.08102575673578
2020-04-24,168.43720736193458,129.68407382631491,119.19039289234388
2020-04-27,170.16438309906226,131.1259180340631,120.69307883051876
2020-04-28,172.0008306669351,130.66607589409665,120.75182991899156
2020-04-29,178.12536684179176,133.28392497579776,123.39391529151851
2020-04-30,174.69478115245894,132.3528583176657,122.1926762939586
2020-05-01,170.31230583574694,129.7055152473819,119.61045843711172
2020-05-04,171.90953154410508,129.98133785628886,119.81253356357075
2020-05-05,172.31964409005894,130.90527023613038,120.35820268316762
2020-05-06,176.4380955072976,130.22739804462944,119.69750757477414
2020-05-07,177.35342955518522,131.43407972476354,121.01579813366084
2020-05-08,181.6942076854411,133.08869940177027,123.00853594433664
2020-05-11,181.72526057744597,133.10921559589312,123.06599534111382
2020-05-12,180.4217162952294,131.11605779340917,121.19372644710089
2020-05-13,178.2833565023315,129.34747123508856,119.63689415598114
2020-05-14,177.54427731408484,130.54420242974226,120.11252023581036
2020-05-15,177.54427731408484,131.00389908306792,120.55039330868851
2020-05-18,183.9864971839035,134.04986850387465,123.77885775442566
2020-05-19,186.02420444418405,133.02275027360452,122.7059180958735
2020-05-20,186.79917357128693,134.72155201157102,124.54046753729122
2020-05-21,185.20201032492892,134.0311576952221,123.6113947127081
2020-05-22,183.4887560809206,134.22106462323381,123.6342637000229
2020-05-26,186.69976284716682,135.45311989698817,125.49796970331668
2020-05-27,186.4034710719932,136.94102026037675,126.94594474939791
2020-05-28,184.62040342976172,136.7565252974914,127.13404588184557
2020-05-29,186.76866092102512,137.2021159824029,127.29969347039247
2020-06-01,190.05657758434901,137.6062893654035,128.3581353074027
2020-06-02,189.483016445646,138.4343040537926,129.25274545584543
2020-06-03,190.80982037833832,139.7651292557581,130.84227134030613
2020-06-04,189.21573738299423,139.50245793041458,130.45908813429722
2020-06-05,192.07949696415218,142.06541121977762,132.74566480144102
2020-06-08,194.44170202643548,143.2741592354995,133.96785024792317
2020-06-09,192.29883784704916,142.5284898137528,133.03905611819496
2020-06-10,191.17587961241657,141.97048972109368,132.67447437431883
2020-06-11,185.07138940412239,136.20559484697537,126.99752694248146
2020-06-12,188.0650443409313,137.40316188697417,128.44953042382605
2020-06-15,190.20831948128048,138.3367263383936,128.24194554024663
2020-06-16,192.16290495779964,140.26149556069177,129.90606239310708
2020-06-17,188.04674242911682,139.84611090180147,129.80913802664836
2020-06-18,190.7812333173065,139.88461283203878,129.7336829254764
2020-06-19,191.4108876657613,138.8774975125336,129.22667795591744
2020-06-22,191.97971805201675,139.51901525967514,130.05069885928307
2020-06-23,193.817946841502,139.97938249239039,130.4916104320632
2020-06-24,193.817946841502,137.4285118734307,127.91130676746249
2020-06-25,193.54025042722225,138.50056613528895,129.17518362522515
2020-06-26,190.6998147210183,136.1254178790406,127.02628440593394
2020-06-29,193.9672248946816,137.5951742001614,128.235242140647
2020-06-30,194.1615065965851,138.87612867889126,129.210583937522
2020-07-01,196.04516403126132,139.57660985826567,129.7749471629458
2020-07-02,197.567734427882,140.12730612039292,130.5303938719647
2020-07-06,202.65611556905677,141.6710324237724,132.07281292936835
2020-07-07,203.82838637638727,140.63965278662602,131.0285033710411
2020-07-08,208.56390534864443,141.40451794878456,131.8812941956631
2020-07-09,208.106949040229,140.83522582573283,131.21540554821175
2020-07-10,208.058627083093,141.85628041101876,132.22625563792087
2020-07-13,207.21260706095723,140.99038411966512,131.33086064014506
2020-07-14,212.0638938516986,142.28628589113669,132.71265846865467
2020-07-15,213.97043545021558,143.2050092551206,133.7610963264825
2020-07-16,211.80296859360607,142.87566405130138,133.30457544606077
2020-07-17,214.1583750683606,143.1655710468464,133.62769150891796
2020-07-20,218.16840505401962,143.97372910156804,134.40691228813873
2020-07-21,217.88362725824774,144.1864826862448,134.60279109371217
2020-07-22,218.34496091897014,144.75568841233047,135.0863811841502
2020-07-23,219.26339955410432,143.56251883781383,133.9600182287263
2020-07-24,216.6198433669631,142.9184803725865,133.3386444825671
2020-07-27,219.69129019256272,143.64772379763107,134.29737538890595
2020-07-28,216.34427441671832,143.01348464620895,133.6470891881642
2020-07-29,216.72408225858052,144.24335715120915,134.81072840539227
2020-07-30,216.99116200723333,143.88656468088098,134.21506052545575
2020-07-31,216.90236974040812,144.67678496305086,134.07041811578102
2020-08-03,219.21296950559363,145.37200106241036,135.1464666404661
2020-08-04,225.74934775988044,145.75826250000463,135.61734295633943
2020-08-05,229.2348737211651,146.37935800025676,136.2286506127768
2020-08-06,227.95458709516896,147.0478116206299,136.64384419465975
2020-08-07,230.10941920624393,147.1196031923085,136.33121291537432
2020-08-10,230.26566532961374,147.41849429973252,136.62458764476625
2020-08-11,227.14554342593104,146.59302734178306,136.21103505727484
2020-08-12,230.02396592269335,147.98726256372782,137.84173790971627
2020-08-13,232.5674979546559,147.80648498409082,137.7420782747046
2020-08-14,230.9456729659213,147.8094567401767,137.4727280663842
2020-08-17,232.47786280259444,148.12711715338529,138.14292728691456
2020-08-18,232.49696908057342,148.34315425747118,138.27209784952024
2020-08-19,233.18451798461294,147.92678182624118,137.8156136778456
2020-08-20,231.83777503557997,148.23813839557428,138.02496378210614
2020-08-21,232.66453973285502,148.59287772729994,138.09460136384303
2020-08-24,234.68590014675695,149.60619289463827,139.0887360058614
2020-08-25,237.69524708199347,149.9561233864338,139.40373485983753
2020-08-26,237.35047764032782,150.9586841954494,140.31629755472736
2020-08-27,237.60539972520306,151.17733920941265,140.1898902637441
2020-08-28,240.87455917337866,151.8232784299033,140.7837960331813
2020-08-31,240.75145031992662,151.46102471824992,140.43536338566398
2020-09-01,242.0192745748986,152.40288397447404,141.2900615803444
2020-09-02,241.09769781474344,153.84928386535162,142.4456900664356
2020-09-03,233.393241119558,150.40785329825707,139.39922724299166
2020-09-04,231.32060345189248,149.59138287218258,138.72169892717906
2020-09-08,230.97108829621135,146.85909000677654,136.39841821667915
2020-09-09,234.65386187549308,148.83382583660858,138.23039949470154
2020-09-10,232.24830126410342,147.09746109717736,136.75936943014023
2020-09-11,233.769581662495,147.14837094853522,137.02165344449946
2020-09-14,238.0943136930427,148.46549779061172,138.3497545642603
2020-09-15,240.7852219516542,148.97073386454315,138.9455230873221
2020-09-16,241.1039193784153,148.57387169262145,138.61979590381358
2020-09-17,237.8388320520771,147.69434541852024,138.01571530362247
2020-09-18,238.58687043401355,146.14896592292718,137.15888498896868
2020-09-21,238.53253759567434,145.03600879493362,135.49070729177916
2020-09-22,239.00364131500774,146.05444674331832,136.16521283332392
2020-09-23,240.51851983805602,143.73535094325055,134.17556808459864
2020-09-24,239.5947315109888,144.00189734559294,134.4034226515122
2020-09-25,242.94778676746307,145.61859316826008,135.6331451715982
2020-09-28,247.97901778166693,147.27952806090826,137.24605028166482
2020-09-29,251.24958189183113,146.73492549622267,136.9145234301283
2020-09-30,254.880420729232,147.49312255620742,137.226989473324
2020-10-01,258.5692606055649,148.13512255693647,137.8399322294812
2020-10-02,257.6910171333932,147.18567675646713,137.11088424429897
2020-10-05,263.63786640752943,148.95898537516916,138.90162745553872
2020-10-06,264.72928612370083,147.53738867425795,137.7057398484789
2020-10-07,270.14151358706084,149.278056042763,139.09615634610378
2020-10-08,269.9020878030157,150.16430704849253,139.83609320036953
2020-10-09,270.7820926858283,151.0573221555726,140.6097695404001
2020-10-12,267.4249676625851,152.6660828515722,141.87312756089182
2020-10-13,268.6831708004239,152.01347443549892,141.26852365314804
2020-10-14,270.1553430376099,151.38513291196463,140.65058468285332
2020-10-15,268.06563220010173,151.26154693638537,140.2328247451278
2020-10-16,267.9976666970803,151.20111774067942,140.34990059545171
2020-10-19,269.5212622414144,149.680774900579,139.15130059154112
2020-10-20,273.67509611198125,150.08134654411842,139.604993349448
2020-10-21,265.29994899364556,149.89205366531314,139.20244446495386
2020-10-22,265.10337585794093,150.44058291719395,139.60662035498473
2020-10-23,265.15965176466136,150.78010106160895,140.08771792112168
2020-10-26,263.0645935031012,148.9321098089576,138.25070666385048
2020-10-27,261.1114114493926,148.58736972314617,137.75299612775984
2020-10-28,262.26858290738704,145.16947677865105,134.4816909326657
2020-10-29,264.75917265761666,146.18582628180383,135.3400984005558
2020-10-30,261.9193843404425,145.14333815316724,134.3249241820896
2020-11-02,265.1620824148773,146.26418202109585,135.49554978770686
2020-11-03,262.57053827700315,148.02977449739484,137.63562377861285
2020-11-04,260.51732005382684,150.26469691292522,139.52033280459574
2020-11-05,271.9138383062022,152.21497388876602,141.63585143490508
2020-11-06,272.0331120517324,152.19213624186793,141.7707515999611
2020-11-09,270.19327176913686,153.44870291152395,143.28152885408676
2020-11-10,266.6064277416891,153.3020453592754,143.50904378253907
2020-11-11,271.26377295994746,154.04490063532785,144.20893770127032
2020-11-12,269.7269541737134,153.07481011961443,143.1757842669608
2020-11-13,269.6726641148621,154.45925981433928,144.4190200308853
2020-11-16,270.51460158324994,155.7075148114115,145.59074856146663
2020-11-17,271.9285463612706,155.16968427726928,145.3220550427903
2020-11-18,271.1318414169446,153.96620238590043,144.46735588433438
2020-11-19,273.13960479317484,154.3872195648438,145.07642777193175
2020-11-20,275.5146180202286,153.70243779521152,144.78770170314328
2020-11-23,278.9240050704212,154.30188196353512,145.16132540480643
2020-11-24,281.8367448637183,155.91325383823872,146.7433136721806
2020-11-25,283.3060947837948,155.75907797878392,146.66086225749967
2020-11-27,284.6948166460444,156.0375784352517,147.11011307361827
2020-11-30,283.7114446536577,155.59486503857497,146.5442175542651
2020-12-01,282.3163154509736,156.68860405469957,147.62738285510164
2020-12-02,280.78154476047223,156.89898041510682,147.72727443484007
2020-12-03,279.40550378991895,156.87171519490292,147.80891857450248
2020-12-04,279.9364339251427,157.73347953019166,148.80601654147495
2020-12-07,281.3365805909323,157.52798818151442,148.43804307221208
2020-12-08,283.3593589917608,157.82060437283894,148.76233872433698
2020-12-09,278.5867077840602,156.9237172118623,148.14278011394862
2020-12-10,280.8308208276998,156.89100762614854,148.23312929523283
2020-12-11,283.0134825383456,156.77374883071948,147.95329759094534
2020-12-14,285.68651091805344,156.32603270035852,147.22911632642314
2020-12-15,293.75252947635147,157.67797495513602,148.31419197270245
2020-12-16,292.82759876081894,157.83491023357723,148.54872393625922
2020-12-17,293.7828714781231,158.39410647626391,149.32266255135522
2020-12-18,297.00867792973594,157.5720568204311,149.01903337016884
2020-12-21,300.73784650375126,157.21450566641232,148.3382718685695
2020-12-22,304.30281472737727,157.04596460680372,148.2661270240153
2020-12-23,305.1464128751055,157.13582875521334,148.56395571767158
2020-12-24,303.99256965564183,157.52486829796362,148.84291297102357
2020-12-28,303.8369240745529,158.38395052770196,149.4351563470607
2020-12-29,300.553601036145,158.19317159682655,149.47083959065733
2020-12-30,303.65625232576787,158.33585150623503,149.6046023217928
2020-12-31,304.0568421335078,158.8439336315757,149.71147091704051
2021-01-04,306.1977499794669,157.48253524936325,149.01757679438217
2021-01-05,307.2552963019075,158.17126812403228,149.78797958172544
2021-01-06,315.9288109381964,158.76911944253095,150.39247804211237
2021-01-07,321.3768950811477,160.25486927305235,151.54119508089602
2021-01-08,319.38594013455725,160.82464073898043,152.2750085944218
2021-01-11,316.43118757498274,160.15055815533924,151.35574957002098
2021-01-12,316.44848421278294,160.17168006818352,151.63583683026098
2021-01-13,315.43663763599795,160.4409779431039,151.79294628793338
2021-01-14,316.1093654698438,160.09077992316668,151.71451810676507
2021-01-15,308.8716637217571,159.36151413276292,150.74643806586207
2021-01-19,315.52336233804516,160.14671019174722,151.55665219551378
2021-01-20,316.2075717935687,161.53057942096098,152.73599915080754
2021-01-21,322.0012654654652,161.62174500812998,152.7187338744139
2021-01-22,321.7377394059906,161.26780336068902,152.33012889533146
2021-01-25,319.99552109229404,161.66218534626367,152.56420282340483
2021-01-26,318.8190492218076,161.50609229476635,152.42581529675854
2021-01-27,312.78163547500077,159.06204615652132,150.02671893002477
2021-01-28,314.30199774212826,159.9220662385726,150.7188821764516
2021-01-29,311.1909281626352,157.9201073208908,148.97392462323674
2021-02-01,312.85621247392174,159.58465822752842,150.48078652777153
2021-02-02,317.73403997586604,160.9986806742476,151.74437257381973
2021-02-03,318.31217283674613,161.07731213018926,151.875263959401
2021-02-04,317.00812627282755,162.2138831053156,152.7467236543901
2021-02-05,318.4424113152021,162.60746890610352,153.1354899163704
2021-02-08,320.4134417156156,163.3296629099357,153.91862561861552
2021-02-09,322.892645539969,163.26308080982997,154.1918727308659
2021-02-10,321.063874576966,163.21951554968024,154.08968185436913
2021-02-11,322.4338515230782,163.38102213922576,154.43066006100418
2021-02-12,322.4091306498404,163.87500059781894,154.91490073661166
2021-02-16,320.0434838036474,163.78840044429836,155.15162611891347
2021-02-17,317.7218290372047,163.8113489169647,154.98293773129492
2021-02-18,311.3173379151957,163.38574852822123,154.45910979670143
2021-02-19,313.48743529653586,163.20915085232787,154.45910979670143
2021-02-22,304.72929855136084,162.4399792477361,153.80512928282602
2021-02-23,304.34296927801927,162.56141717817704,153.79657825595922
2021-02-24,307.1074868265375,163.66334982686655,154.59172216195748
2021-02-25,301.6013952708468,161.25377208836426,152.46261693740448
2021-02-26,305.35971386951337,160.73851006605602,151.5005779039717
2021-03-01,311.03480271408404,163.16252983043296,153.78464256401028
2021-03-02,305.36561460151734,162.38220791141163,153.39963489904045
2021-03-03,298.9299710371609,161.05763736140284,152.01682925948742
2021-03-04,293.2580127193285,159.82015609284392,150.81495044300442
2021-03-05,291.3957779828679,161.65981429598,152.23420341876414
2021-03-08,284.15983652407857,161.16193779054535,151.73876693053754
2021-03-09,296.9756114228163,162.58968907148494,153.2936225621775
2021-03-10,295.653921992415,163.21214769714013,153.86131224099023
2021-03-11,304.98533736423525,164.22606328397134,154.79357702405164
2021-03-12,303.497037636312,164.36074139769607,154.87831431098573
2021-03-15,302.54123056950124,164.95709883516122,155.3185790137029
2021-03-16,300.45551709129774,164.83096680131217,155.45345523878413
2021-03-17,299.12020326331947,165.17195492766118,155.80701880954626
2021-03-18,292.5358881678451,163.7169887500419,154.41452149769026
2021-03-19,295.5369236671182,163.2061069824234,154.44854385846824
2021-03-22,297.64676889040015,164.00460376373107,154.88225603817187
2021-03-23,294.49819029153963,163.2175240197961,153.95084326227575
2021-03-24,289.8814203322195,162.70917716836394,153.4038352369352
2021-03-25,290.69799126879485,163.27173477962629,153.9796329040295
2021-03-26,294.0199705158393,164.88323043848723,155.23572214271724
2021-03-29,289.7141383973699,164.83271975575528,155.10069795528315
2021-03-30,295.6977464767562,164.56742393580296,154.88099665827315
2021-03-31,298.4982394688148,164.97275809875137,155.22821551528287
2021-04-01,297.3104914272298,166.05266598468077,156.31691577588248
2021-04-05,294.5314920507569,167.48797718765894,157.68609210445322
2021-04-06,295.79055844691015,167.4289186575314,157.43901960660497
2021-04-07,292.66521578862796,167.54464830058126,157.4968132767147
2021-04-08,293.150875077067,168.01932615620103,158.18993673654526
2021-04-09,292.6445431625903,168.74634106381274,158.624255170208
2021-04-12,290.6204857735886,168.7827998884799,158.5589857484932
2021-04-13,291.80098395657507,169.07916823453755,159.0733531849326
2021-04-14,290.98428000637165,168.73765459927193,158.73219636025303
2021-04-15,288.90216704556445,169.811900018891,159.80807839510308
2021-04-16,291.60519450561117,170.14614261026765,160.15482486536231
2021-04-19,288.4001437017314,169.65483784523673,159.74498709115412
2021-04-20,287.8442535694382,168.9226834920406,158.76055941609653
2021-04-21,291.2590032684669,169.86889349505628,159.6243827120808
2021-04-22,294.7842677265061,168.9555812534494,158.9376262305626
2021-04-23,298.0078818201197,170.03982248851898,159.9952271670441
2021-04-26,299.04152464701247,170.24858457940886,160.18843104839263
2021-04-27,297.8987346451068,170.2270342475089,160.11612160073662
2021-04-28,294.9151399849269,170.1982942780835,160.18044113108442
2021-04-29,292.84977498481646,170.83557355479786,160.50185658764346
2021-04-30,289.1997154083531,170.17852223316135,159.5086664563464
2021-05-03,287.93693364949644,170.39420026824172,160.0345151115275
2021-05-04,281.9686003767212,169.77726650101687,159.0687943993058
2021-05-05,280.69917580900255,169.80854624798278,159.4669786207306
2021-05-06,278.3769451030023,170.60710483468603,160.24399121543726
2021-05-07,279.3171796313172,171.33490394692578,161.2238331556601
2021-05-10,275.25862608530355,170.34466592832143,160.33303325374453
2021-05-11,276.4930219361827,169.4521907011263,159.28977585434617
2021-05-12,271.2183287086163,167.32766739784836,157.28669316064207
2021-05-13,271.16047375362575,168.5289192350493,158.40387798721287
2021-05-14,276.1387697266634,170.06445297096457,160.0079364578824
2021-05-17,274.456937351001,169.8100006226135,159.6535245078233
2021-05-18,275.91515512999354,168.94843278787138,159.34635673138632
2021-05-19,279.6464941646368,168.68625453777602,158.80310029824113
2021-05-20,283.77653174037175,169.76205008499932,160.0341409486193
2021-05-21,284.2243291530154,169.68017849501425,160.04219614422047
2021-05-24,283.3199869480048,170.69960563181468,160.94411492649587
2021-05-25,282.8701076552202,170.4777330828329,160.7525702438793
2021-05-26,285.2716579246083,170.67618782394425,160.89650140387425
2021-05-27,285.284269368989,170.7286853104878,160.9843332564995
2021-05-28,285.01952014397557,170.90755911733163,161.18377482254914
2021-06-01,284.589733815241,170.81947343271574,161.28728189610956
2021-06-02,283.19326495526946,170.97673345211544,161.46225492198633
2021-06-03,280.476642501176,170.60559705727593,161.04939533035008
2021-06-04,282.1706589393108,171.52018434631842,161.96624259422708
2021-06-07,281.80626696554543,171.42316502398342,162.1321448548013
2021-06-08,282.32873501496346,171.44448157278137,162.1400335969405
2021-06-09,281.8739552874626,171.29529030522582,161.96653106112956
2021-06-10,284.6281656954265,171.76012879294063,161.5715239567156
2021-06-11,286.02552145897266,171.92537801539473,161.8570574315913
2021-06-14,287.2282264052807,172.1492738020831,162.03105396469408
2021-06-15,284.73998405989255,171.96585688975063,161.83367516098986
2021-06-16,286.25071465798885,171.40752067286763,161.30364923034378
2021-06-17,290.17767742137164,171.37435772109743,161.13663866247325
2021-06-18,289.4195579689216,169.70362573243136,159.6071252492524
2021-06-21,288.8496522895882,171.13522019198925,160.9581471412509
2021-06-22,289.36184517854593,171.6698397990589,161.3253239363936
2021-06-23,291.4123213723721,171.54930866869026,161.0708307756963
2021-06-24,292.39912653826406,172.14088461849929,161.86815178877188
2021-06-25,293.1408233069362,172.4960902704322,162.12918788735945
2021-06-28,299.4280703241211,172.69768327075357,162.0739613036717
2021-06-29,300.34066170279596,172.75149078605784,162.1528991580135
2021-06-30,297.67123810198103,172.83565850672375,161.9872586102184
2021-07-01,296.54059653080924,173.38931807096816,162.3743944757086
2021-07-02,296.3820827285762,174.153671996323,162.98827673155958
2021-07-06,297.52746958810786,173.97152486391073,162.70668021148026
2021-07-07,297.51625517398446,174.32493045030603,163.0753604585247
2021-07-08,295.04933777017897,173.51013090674212,161.95773612145322
2021-07-09,296.4634509916876,174.57760873153546,163.30140085646954
2021-07-12,298.1299301164582,174.93580068550907,163.73035347425272
2021-07-13,296.8698975009669,174.5949042180089,163.2100473884288
2021-07-14,291.57345223866133,174.74412571114445,163.44422988544315
2021-07-15,289.62973981133666,174.40257283480807,162.899060896723
2021-07-16,287.68397058088857,173.61821316554773,162.17079125897763
2021-07-19,288.2668817017037,172.1414210360746,160.63257480407577
2021-07-20,290.523357491452,173.5744625026246,161.9064123070181
2021-07-21,294.71967166500485,174.38409231150075,162.9980958869875
2021-07-22,293.8169909849513,174.59350519555838,163.15460026668026
2021-07-23,291.282834452722,175.62230487273612,164.0921771067971
2021-07-26,289.85699877759595,175.8677898402936,164.15410282050777
2021-07-27,287.7298563545903,175.41203289092218,163.8059965828892
2021-07-28,291.8903211374761,175.3710262647964,163.98453696051877
2021-07-29,292.414936372486,175.78576713937403,164.50371414230975
2021-07-30,294.0280316752185,175.3001245294794,163.81762149562977
2021-08-02,293.77123089851096,175.09032009919378,163.97286246853952
2021-08-03,297.340573391999,175.90386647557042,164.631628733406
2021-08-04,297.2275807658735,175.4119741622577,164.3159499170406
2021-08-05,295.6891185635245,176.0452601228304,164.92612469010336
2021-08-06,294.7699974199779,176.21050379645703,164.7649152137226
2021-08-09,296.91517195609447,176.12914933432063,164.7802971991063
2021-08-10,296.31351592098247,176.2535443735387,164.89561501877128
2021-08-11,294.38341672142417,176.50203224778542,165.25654361368547
2021-08-12,294.0340478590017,176.80172727142866,165.46314263994378
2021-08-13,290.8203047132642,176.98371107382124,165.7685747382777
2021-08-16,288.1156465726901,177.21917657466244,165.73812917954825
2021-08-17,285.5219460020856,176.56365323578527,164.97663059271744
2021-08-18,286.38829881605307,175.46915369168644,164.15556915619015
2021-08-19,284.9231023280609,175.6239860354001,163.7841991542257
2021-08-20,287.0253960657082,176.4196937870844,164.50641135033115
2021-08-23,290.07624384803523,177.29934565981037,165.45475040698503
2021-08-24,290.4173729575024,177.4580881003541,165.65333727032416
2021-08-25,291.7408264905438,177.66792412483002,165.8134039302603
2021-08-26,291.2015850708931,177.07760671713888,165.28068172268271
2021-08-27,292.5389352038468,177.97170212050486,166.145260842191
2021-08-30,294.91677373135457,178.41146025183815,166.44109592087685
2021-08-31,294.35934328944154,178.2633025861686,166.2898351839265
2021-09-01,294.82647109360937,178.3164495069925,166.6155378516024
2021-09-02,295.9656125219939,178.62411101340996,166.9326372692109
2021-09-03,294.85079675726786,178.59983513165,167.0681140067629
2021-09-07,293.897752026795,178.2422834486804,166.81257373611865
2021-09-08,292.16106658237607,178.12045918886147,166.49608409216893
2021-09-09,292.92533623364784,177.69243748605902,166.15592461595753
2021-09-10,291.6809709142111,176.9039817734884,165.58705324093273
2021-09-13,293.6850488360274,177.15990493364717,165.93032653471047
2021-09-14,292.861523014566,176.62025398264305,165.45139263157955
2021-09-15,292.68358526788904,177.45551781021382,166.0548555175572
2021-09-16,291.54276641219667,177.29699511499686,165.91058638634308
2021-09-17,293.982962012295,176.00665377770088,164.88405539925802
2021-09-20,288.8785282974263,174.33923523367423,163.19382451746745
2021-09-21,290.00378612085734,174.244773051839,163.36574823806964
2021-09-22,291.80129314292304,175.22025455014838,164.24732488604988
2021-09-23,291.5850765601293,176.43525649191005,165.40732800129265
2021-09-24,288.53945384604316,176.5999775980955,165.23150372804776
2021-09-27,290.42671064488604,176.31388604728676,165.0247306627431
2021-09-28,287.5507653846312,174.2987014429715,162.89135729816542
2021-09-29,285.8694650217707,174.46701532849062,162.88351433076465
2021-09-30,287.89855681031844,173.24478091500336,162.0522740653177
2021-10-01,289.28692535656137,174.43319854371495,162.8667599001696
2021-10-04,284.6483926399547,173.14359470439214,161.705887869157
2021-10-05,285.1787885216215,174.1840928619746,162.50740718485704
2021-10-06,285.15305612771857,174.59969844211827,162.7042265885786
2021-10-07,287.35411035700935,175.46426726676623,163.5449586723745
2021-10-08,286.2583890347642,175.2818895017847,163.43587390251065
2021-10-11,289.900310153838,174.55791768060743,162.90545243498883
2021-10-12,295.4046760348179,174.31176356659307,162.73293549874367
2021-10-13,297.92010163587366,174.67152501121282,163.2985295312987
2021-10-14,297.28395763228497,176.35358931734288,164.8920252491954
2021-10-15,296.91811826980825,177.11517013478638,165.6147704891242
2021-10-18,297.8705013065523,177.4112221989922,165.75981052073197
2021-10-19,301.88277528314643,178.18270908112197,166.4610820748325
2021-10-20,300.3965982766953,178.57548135081328,166.77143228315524
2021-10-21,300.407693269553,178.83630508729775,166.8695228504904
2021-10-22,298.4999723835278,178.7326870127155,166.9373793154895
2021-10-25,301.39458736308956,179.2689671817583,167.21611602023262
2021-10-26,299.9550296063931,179.35896908563186,167.35133702162693
2021-10-27,304.9723112180642,178.91595016916384,166.8561847697219
2021-10-28,309.0173239156313,179.8808364667485,167.78357350700338
2021-10-29,310.1397713382039,180.0837498593387,167.76862933221648
2021-11-01,311.58275855030683,180.25577131713334,168.1945164659696
2021-11-02,308.3697915088666,180.66008079392114,168.4028333855947
2021-11-03,308.21562756110285,181.27060414561674,169.0933023579936
2021-11-04,308.4317871917507,181.7418561760122,169.3145109279383
2021-11-05,306.7884033954373,182.0888170687927,169.63823256370475
2021-11-08,307.66559253406706,182.17418916823704,169.70423163783778
2021-11-09,306.86849454728747,181.8436520268347,169.40375258230148
2021-11-10,304.1136168062824,181.03916537221886,168.41875081515775
2021-11-11,309.9404224323364,181.07151813915388,168.63405040795087
2021-11-12,310.94427341205454,181.82620259112622,169.40447284206616
2021-11-15,309.32796922523954,181.86044482064477,169.32360787747106
2021-11-16,308.8279714050666,182.2562273190945,169.56639910429593
2021-11-17,308.44852033494436,182.01330536763166,169.30217847284524
2021-11-18,306.2558115982745,182.3529465621757,169.54502329773072
2021-11-19,309.5291518155416,182.1741212118161,169.1045548656805
2021-11-22,307.3991029888175,181.89260373799902,168.58840903656636
2021-11-23,304.7228562664462,182.02520315786677,168.5958167648287
2021-11-24,304.9796483337696,182.29218878196846,168.66993379509933
2021-11-26,301.7459248780788,180.0618715601186,166.42598888901267
2021-11-29,303.57674399755905,181.28853231525264,167.30477954212583
2021-11-30,300.5008164431745,179.34277070824402,165.75777030366038
2021-12-01,297.0479206876125,178.23205036718886,164.57546444584528
2021-12-02,296.96690252373753,179.76368053289013,165.99576262766433
2021-12-03,292.13660241890733,178.89354924258436,165.2422764432036
2021-12-06,293.524138128298,180.0778805376659,166.27755724589082
2021-12-07,297.1615915116,182.14636286239505,168.36484377340503
2021-12-08,297.8797602872718,182.41115961596284,168.70685620007208
2021-12-09,294.26849001716755,181.73600563224952,167.84733959929957
2021-12-10,294.06565243943527,182.67735527809575,168.4302983149247
2021-12-13,294.24499429377954,181.7915195733195,166.85503075039543
2021-12-14,290.39011504608754,181.1035152176461,166.0547795321748
2021-12-15,291.47005890525816,182.66601974562343,167.57684961809548
2021-12-16,288.2034450625215,181.78416810034923,167.0970899337397
2021-12-17,288.5462205912351,180.37350952651616,166.0350317372491
2021-12-20,281.866060269704,179.31016897749572,165.19756995392135
2021-12-21,287.5330887188837,181.08606822079426,166.80985870901972
2021-12-22,287.3662874887834,182.08593970769084,167.6938769296386
2021-12-23,287.49481352226684,182.70814750493233,168.41286391612732
2021-12-27,286.5578306925656,184.1233628843908,169.51340751617818
2021-12-28,285.0289368074788,184.04164335196464,169.4104365079882
2021-12-29,284.3184092870481,184.16956414282728,169.47669798128925
2021-12-30,287.2603669436046,183.89311124556528,169.278033964524
2021-12-31,286.34636194658697,183.64109255483064,169.04212120510968
